agencies,city
Albany PD,Albany city
Ashland PD,Ashland city
Astoria PD,Astoria city
Aumsville PD,Aumsville city
Baker City PD,Baker City city
Bandon PD,Bandon city
Banks PD,Banks city
Beaverton PD MIP,Beaverton city
Bend PD MIP,Bend city
Boardman PD,Boardman city
Brookings PD,Brookings city
Canby PD,Canby city
Cannon Beach PD,Cannon Beach city
Carlton PD,Carlton city
Central Point PD,Central Point city
Coburg PD,Coburg city
Columbia City PD,Columbia City city
Coos Bay PD,Coos Bay city
Coquille PD,Coquille city
Cornelius PD,Cornelius city
Corvallis PD,Corvallis city
Cottage Grove PD,Cottage Grove city
Dallas PD,Dallas city
Eagle Point PD,Eagle Point city
Enterprise PD,Enterprise city
Eugene PD MIP,Eugene city
Florence PD,Florence city
Forest Grove PD,Forest Grove city
Gaston PD,Gaston city
Gearhart PD,Gearhart city
Gervais PD,Gervais city
Gladstone PD,Gladstone city
Grants Pass PD,Grants Pass city
Gresham PD MIP,Gresham city
Hermiston PD,Hermiston city
Hillsboro PD MIP,Hillsboro city
Hood River PD,Hood River city
Hubbard PD,Hubbard city
Independence PD,Independence city
Jacksonville PD,Jacksonville city
John Day PD,John Day city
Junction City PD,Junction City city
Keizer PD,Keizer city
King City PD,King City city
Klamath Falls PD,Klamath Falls city
La Grande PD,La Grande city
Lake Oswego PD,Lake Oswego city
Lebanon PD,Lebanon city
Lincoln City PD,Lincoln City city
Madras PD,Madras city
McMinnville PD,McMinnville city
Medford PD,Medford city
Milton Freewater PD,Milton-Freewater city
Milwaukie PD,Milwaukie city
Molalla PD,Molalla city
Monmouth PD,Monmouth city
Mt. Angel PD,Mount Angel city
Myrtle Creek PD,Myrtle Creek city
Newberg-Dundee PD,Dundee city
Newberg-Dundee PD,Newberg city
Newport PD,Newport city
North Bend PD,North Bend city
North Plains,North Plains city
Nyssa PD,Nyssa city
Oakridge PD,Oakridge city
Ontario PD,Ontario city
Oregon City PD,Oregon City city
Pendleton PD,Pendleton city
Philomath PD,Philomath city
Phoenix PD,Phoenix city
Pilot Rock PD,Pilot Rock city
Portland Police Bureau MIP,Portland city
Prineville PD,Prineville city
Rainier PD,Rainier city
Redmond PD,Redmond city
Reedsport PD,Reedsport city
Rockaway PD,Rockaway Beach city
Rogue River PD,Rogue River city
Roseburg PD,Roseburg city
Salem PD MIP,Salem city
Scappoose PD,Scappoose city
Seaside PD,Seaside city
Sherman SO,Grass Valley city
Sherman SO,Moro city
Sherman SO,Rufus city
Sherman SO,Wasco city
Sherwood PD,Sherwood city
Silverton PD,Silverton city
Springfield PD,Springfield city
St. Helens PD,St. Helens city
Stanfield PD,Stanfield city
Stayton PD,Stayton city
Sutherlin PD,Sutherlin city
Sweet Home PD,Sweet Home city
Talent PD,Talent city
The Dalles PD,The Dalles city
Tigard PD,Tigard city
Tillamook PD,Tillamook city
Toledo PD,Toledo city
Tualatin PD,Tualatin city
Turner PD,Turner city
Umatilla PD,Umatilla city
Vernonia PD,Vernonia city
Warrenton PD,Warrenton city
Washington SO,Durham city
West Linn PD,West Linn city
Winston PD,Winston city
Woodburn PD,Woodburn city
Yamhill PD,Yamhill city
